{
  "project_info": {
    "project_number": "158327466012",
    "firebase_url": "https://momvendor.firebaseio.com",
    "project_id": "momvendor",
    "storage_bucket": "momvendor.appspot.com"
  },
  "client": [
    {
      "client_info": {
        "mobilesdk_app_id": "1:158327466012:android:60279bb4bccff5c30797d9",
        "android_client_info": {
          "package_name": "mom.com"
        }
      },
      "oauth_client": [
        {
          "client_id": "158327466012-bh56g3umvovoqp3bjf7c29d1vsfvl8si.apps.googleusercontent.com",
          "client_type": 1,
          "android_info": {
            "package_name": "mom.com",
            "certificate_hash": "054c10b6b3bd729d290e809094985431bc5c6b1d"
          }
        },
        {
          "client_id": "158327466012-3eta6sf7nj07hm9pd1f2fhd67mbpedp6.apps.googleusercontent.com",
          "client_type": 3
        }
      ],
      "api_key": [
        {
          "current_key": "AIzaSyAOoO_-UfusPggCexsF2apdlC6M_pdUj_Q"
        }
      ],
      "services": {
        "appinvite_service": {
          "other_platform_oauth_client": [
            {
              "client_id": "158327466012-3eta6sf7nj07hm9pd1f2fhd67mbpedp6.apps.googleusercontent.com",
              "client_type": 3
            }
          ]
        }
      }
    },
    {
      "client_info": {
        "mobilesdk_app_id": "1:158327466012:android:cd06c86c9e9873f10797d9",
        "android_client_info": {
          "package_name": "mom.vender.com"
        }
      },
      "oauth_client": [
        {
          "client_id": "158327466012-3eta6sf7nj07hm9pd1f2fhd67mbpedp6.apps.googleusercontent.com",
          "client_type": 3
        }
      ],
      "api_key": [
        {
          "current_key": "AIzaSyAOoO_-UfusPggCexsF2apdlC6M_pdUj_Q"
        }
      ],
      "services": {
        "appinvite_service": {
          "other_platform_oauth_client": [
            {
              "client_id": "158327466012-3eta6sf7nj07hm9pd1f2fhd67mbpedp6.apps.googleusercontent.com",
              "client_type": 3
            }
          ]
        }
      }
    }
  ],
  "configuration_version": "1"
}